姓名,学号,邮箱,志愿1,志愿2,推荐人
张三,2024010001,2024010001@smbu.edu.cn,技术研发中心,宣传部,李四
李四,2024010002,2024010002@smbu.edu.cn,技术研发中心,,王五
王五,2024010003,2024010003@smbu.edu.cn,宣传部,外联部,
赵六,2024010004,2024010004@smbu.edu.cn,技术研发中心,宣传部,张三
孙七,2024010005,2024010005@smbu.edu.cn,外联部,,
周八,2024010006,2024010006@smbu.edu.cn,宣传部,技术研发中心,李四
吴九,2024010007,2024010007@smbu.edu.cn,技术研发中心,,王五
郑十,2024010008,2024010008@smbu.edu.cn,,,
钱一,2024010009,2024010009@smbu.edu.cn,技术研发中心,宣传部,
钱一,2024010009,2024010009@smbu.edu.cn,技术研发中心,宣传部,
陈二,202401001a,202401001a@smbu.edu.cn,宣传部,,
林三,2024010011,2024010012@smbu.edu.cn,技术研发中心,外联部,
何四,2024010012,2024010012@smbu.edu.cn,宣传部,,
何四,2024010012,2024010012@smbu.edu.cn,外联部,,
,2024010014,2024010014@smbu.edu.cn,技术研发中心,,
高五,,gaowu@smbu.edu.cn,宣传部,,
许六,2024010016,,技术研发中心,宣传部,
朱七,2024010017,2024010017@smbu.edu.cn,技术研发中心,宣传部,张三
胡八,2024010018,2024010018@smbu.edu.cn,宣传部,,李四
郭九,2024010019,2024010019@smbu.edu.cn,外联部,技术研发中心,
黄十,2024010020,2024010020@smbu.edu.cn,技术研发中心,,
曹一,2024010021,2024010021@smbu.edu.cn,技术研发中心,宣传部,王五
谢二,2024010022,2024010022@smbu.edu.cn,宣传部,外联部,
董三,2024010023,dongwu@qq.com,技术研发中心,,
袁四,2024010024,2024010024@smbu.edu.cn,,,
邓五,2024010025,2024010025@smbu.edu.cn,技术研发中心,宣传部,
邓五,2024010025,2024010025@smbu.edu.cn,宣传部,,
苏六,2024010026,2024010026@smbu.edu.cn,外联部,,张三
江七,2024010027,2024010027@smbu.edu.cn,技术研发中心,宣传部,
